{"100": [32.18586087226868, 32.053592920303345, 32.10052561759949], "99": [32.106658697128296, 32.128342151641846, 32.15663242340088], "90": [32.14889931678772, 32.13620567321777, 32.11845636367798], "75": [32.185328245162964, 32.063031911849976, 32.15015363693237], "50": [32.13574171066284, 32.15003705024719, 32.063021659851074], "25": [32.053661584854126, 32.09825563430786, 32.122313261032104], "10": [32.0875403881073, 32.19154930114746, 32.055121183395386], "1": [31.96217918395996, 31.97145104408264, 32.05224800109863]}