{"100": [64.52265667915344, 65.92804527282715, 65.84733843803406], "99": [56.35268998146057, 56.826053857803345, 57.49387764930725], "90": [56.75006675720215, 55.57241773605347, 56.22150731086731], "75": [57.01639151573181, 57.64480137825012, 57.723052740097046], "50": [58.912936210632324, 58.07776665687561, 58.282094955444336], "25": [63.12392854690552, 62.77421522140503, 62.2944769859314], "10": [63.75930857658386, 63.273059606552124, 62.51836037635803], "1": [64.34516835212708, 64.87220072746277, 65.16764664649963]}