{"100": [67.85064458847046, 67.17766308784485, 66.91586136817932], "99": [66.29951882362366, 65.5626232624054, 66.07079720497131], "90": [65.27790999412537, 65.86027455329895, 64.92688059806824], "75": [65.77695298194885, 63.47904300689697, 64.53211069107056], "50": [65.67135715484619, 64.3713903427124, 67.01637506484985], "25": [65.67592477798462, 64.38742184638977, 65.82010960578918], "10": [65.85390138626099, 65.91769599914551, 65.76449036598206], "1": [66.94011378288269, 67.12342715263367, 65.89869785308838]}