{"100": [33.427255630493164, 33.43248391151428, 33.27031087875366], "99": [41.82029604911804, 41.804996967315674, 41.84869718551636], "90": [41.82053017616272, 41.79903960227966, 41.94742178916931], "75": [39.07844042778015, 39.200989961624146, 39.14946413040161], "50": [38.16502022743225, 37.91753602027893, 37.805415391922], "25": [35.86222982406616, 35.66946268081665, 35.68042540550232], "10": [34.99608659744263, 34.909005880355835, 35.28545665740967], "1": [33.54097819328308, 33.5233256816864, 33.49629211425781]}