{"100": [53.49949860572815, 53.83429002761841, 53.333531856536865, 53.59701418876648, 53.738362312316895, 54.41417193412781, 53.638012170791626, 53.00058031082153, 53.52867078781128, 53.41388416290283, 53.46933341026306, 53.044572591781616, 53.187336444854736, 53.2095787525177, 53.06417202949524, 52.92466688156128, 53.46498250961304, 52.58895015716553, 53.98871660232544, 53.539900064468384, 53.627402782440186, 52.638861417770386, 53.6685676574707, 53.054203510284424, 53.75517916679382, 53.2007417678833, 52.97017788887024, 53.34611368179321, 53.07189679145813, 53.33674645423889, 53.48864793777466, 53.8582878112793, 53.83256793022156, 53.82377099990845, 53.3067193031311, 53.315144062042236, 53.819151878356934, 53.986483573913574, 53.13412356376648, 52.64060568809509, 53.29266333580017, 53.639991760253906, 53.704625368118286, 53.86639213562012, 53.17044281959534, 53.39721441268921, 53.42241978645325, 53.45908570289612, 52.49634027481079, 53.78290796279907], "75": [44.45714473724365, 45.25560212135315, 44.64834213256836, 44.96501541137695, 44.89467787742615, 44.657986879348755, 44.94300603866577, 44.9978232383728, 45.067960262298584, 45.03307247161865, 45.526657819747925, 45.18674612045288, 45.26087164878845, 45.36979603767395, 45.342345237731934, 44.706743240356445, 45.29377341270447, 45.56937003135681, 44.550514459609985, 45.334283113479614, 45.50298237800598, 45.14609742164612, 45.42903137207031, 45.00212121009827, 44.69580078125, 45.08907628059387, 45.03948473930359, 45.67804503440857, 44.896496057510376, 45.02771615982056, 45.41083788871765, 45.16046762466431, 45.13219141960144, 44.318634033203125, 45.26301193237305, 44.43002676963806, 44.66535210609436, 44.573302268981934, 45.200506925582886, 44.74620032310486, 45.02710676193237, 45.4486517906189, 44.93124866485596, 45.03145885467529, 44.68544387817383, 44.94008016586304, 44.53539252281189, 45.0416054725647, 44.716715812683105, 44.5180139541626], "50": [34.823291063308716, 34.68896555900574, 35.44965362548828, 34.702054500579834, 35.090083837509155, 35.057106018066406, 35.32929587364197, 35.2836377620697, 35.46618318557739, 34.93486499786377, 35.253156423568726, 35.16744828224182, 34.84452772140503, 35.616503953933716, 35.42124795913696, 35.42856192588806, 34.880677938461304, 34.97120213508606, 34.6136269569397, 34.737239360809326, 34.54385948181152, 35.244874715805054, 35.32178258895874, 35.14625930786133, 35.40751266479492, 34.93584156036377, 34.45659947395325, 35.5657057762146, 35.58086180686951, 35.092095613479614, 35.29036903381348, 35.54956364631653, 35.341174840927124, 35.48262405395508, 34.75117087364197, 34.92860388755798, 35.24522304534912, 35.03880000114441, 35.4588520526886, 34.68692874908447, 34.66204047203064, 35.44544053077698, 35.921504497528076, 35.11372089385986, 35.51599955558777, 35.82945394515991, 35.12259244918823, 35.19543528556824, 35.628565549850464, 35.599438428878784], "25": [25.200668334960938, 25.453246593475342, 25.490365505218506, 25.599963665008545, 25.539715051651, 25.64160919189453, 25.68724226951599, 25.74190378189087, 26.021777153015137, 25.622309684753418, 25.904907941818237, 25.83661460876465, 25.463967084884644, 25.648674488067627, 25.514650344848633, 25.681755781173706, 25.725600004196167, 25.729669094085693, 25.987123727798462, 25.63574719429016, 25.489317178726196, 25.783828258514404, 25.51172399520874, 25.542349815368652, 25.468674898147583, 25.679237604141235, 25.38339376449585, 25.781348705291748, 26.00249457359314, 25.80990767478943, 25.84071969985962, 25.72699284553528, 25.645254135131836, 25.809823274612427, 25.80914068222046, 26.05848979949951, 25.943989753723145, 25.849361896514893, 25.515204668045044, 25.469492435455322, 25.54313564300537, 25.85868263244629, 25.746400356292725, 25.12034511566162, 25.95953893661499, 25.712233543395996, 25.901121854782104, 25.87795329093933, 25.653063774108887, 25.77030324935913], "10": [21.357121467590332, 20.750450372695923, 21.193479776382446, 20.90239644050598, 21.560181379318237, 21.01376748085022, 21.426904678344727, 21.260321140289307, 21.483945846557617, 21.62816047668457, 21.084603548049927, 21.2867534160614, 21.500136613845825, 21.10144352912903, 21.03170895576477, 21.310639142990112, 21.146661043167114, 21.072493076324463, 21.34986448287964, 20.881048679351807, 21.364986181259155, 21.17311429977417, 21.125441074371338, 21.430930614471436, 21.19049096107483, 21.00951647758484, 21.008577346801758, 21.334944486618042, 21.28123950958252, 21.280991077423096, 21.454517126083374, 21.332954168319702, 21.39522910118103, 21.42048931121826, 21.465808868408203, 21.09734845161438, 21.33384132385254, 21.05971670150757, 21.08111023902893, 20.984105348587036, 21.47382926940918, 20.887165307998657, 21.650498390197754, 21.25957679748535, 21.184415817260742, 21.309659719467163, 20.989291429519653, 21.357794761657715, 21.24032473564148, 20.98199439048767], "1": [18.15625, 18.004221200942993, 17.906715869903564, 18.05650520324707, 17.88530135154724, 18.21124529838562, 18.18634796142578, 18.254506587982178, 18.018134593963623, 18.272176265716553, 17.897507667541504, 18.248958349227905, 18.174020767211914, 17.71406388282776, 18.018165826797485, 17.983545541763306, 17.984941959381104, 17.97205638885498, 17.781885385513306, 17.85968852043152, 17.871469974517822, 18.099992990493774, 18.082937002182007, 18.24813723564148, 18.327773809432983, 17.939220428466797, 17.907917261123657, 17.873693227767944, 18.098338842391968, 18.171876907348633, 18.09413743019104, 18.338907480239868, 18.14479923248291, 18.001511335372925, 18.065294981002808, 17.837741374969482, 18.31723666191101, 18.021936655044556, 18.181962251663208, 18.310248374938965, 17.93586802482605, 18.046877145767212, 18.02426314353943, 18.037210702896118, 18.071558475494385, 18.229573249816895, 18.29984164237976, 18.029030799865723, 18.145562887191772, 17.97659730911255]}