{
    "100": [103.45820260047913, 100.69024777412415, 101.97221088409424], 
    "10": [103.96983909606934, 103.84377074241638, 103.7946605682373], 
    "1": [98.87246513366699, 98.25798392295837, 99.56267666816711]
}
