{
    "100": [79.8419144153595], 
    "10": [85.9033510684967], 
    "1": [79.24909448623657]
}
