{"100": [36.84756302833557, 35.564075231552124], "99": [50.850916624069214, 50.94199275970459], "90": [50.979124546051025, 50.8558235168457], "75": [47.315995931625366, 47.2752149105072], "50": [45.59398412704468, 45.8843138217926], "25": [41.68543243408203, 41.79736566543579], "10": [40.151501417160034, 40.0086555480957], "1": [36.47099161148071, 36.33340811729431]}