{"100": [34.350656509399414, 34.133917570114136], "99": [46.62220883369446, 46.78225779533386], "90": [47.02351117134094, 47.21151947975159], "75": [43.9344687461853, 44.19360065460205], "50": [42.11394453048706, 42.24911308288574], "25": [38.48405957221985, 38.80901861190796], "10": [37.72003149986267, 37.818740129470825], "1": [34.802226305007935, 35.316017627716064]}