{"100": [44.746530532836914, 45.13594579696655], "99": [49.96038007736206, 49.94744658470154], "90": [49.06471300125122, 48.92331385612488], "75": [41.949519634246826, 41.92902994155884], "50": [37.634929180145264, 37.417203187942505], "25": [29.444515705108643, 29.64292550086975], "10": [27.232840538024902, 27.24558162689209], "1": [24.413533210754395, 24.170064449310303]}