{"100": [53.957072496414185, 53.44378590583801], "99": [54.19837546348572, 54.226067304611206], "90": [53.74191689491272, 53.789100646972656], "75": [42.42731046676636, 41.97028136253357], "50": [38.268550157547, 37.70703434944153], "25": [26.53407597541809, 27.142670154571533], "10": [23.985508680343628, 23.981166124343872], "1": [20.861977100372314, 20.831703662872314]}