{"1": [1.5377869606018066, 1.5302953720092773, 1.4158406257629395], "2": [14.474123239517212, 14.655097007751465, 14.394795656204224], "5": [31.293363094329834, 31.958998441696167, 31.459576845169067], "10": [29.535101413726807, 30.830974817276, 30.16504216194153], "15": [37.48041248321533, 37.533082246780396, 38.3233106136322], "17": [41.415520906448364, 40.6199164390564, 41.463306188583374]}