{"1": [1.9653847217559814, 1.9205594062805176, 1.9843313694000244], "2": [10.913862228393555, 10.960592269897461, 10.998609066009521], "5": [20.349523544311523, 20.349173307418823, 20.31972098350525], "10": [24.8671977519989, 25.23364496231079, 25.275650024414062], "15": [30.067079067230225, 29.852734327316284, 29.94632887840271], "17": [31.64707589149475, 31.513619422912598, 31.611176013946533]}