{"1": [5.284661769866943, 5.175437688827515, 5.212056636810303], "2": [6.843467712402344, 6.806580066680908, 6.799734830856323], "5": [14.715753078460693, 14.836029529571533, 14.989696741104126], "10": [26.586398601531982, 26.47902822494507, 26.51003336906433], "15": [34.7168505191803, 34.42093348503113, 34.47975039482117], "17": [39.63160228729248, 39.718790769577026, 39.75988721847534]}