{"1": [4.8801774978637695, 4.855686664581299, 4.860431671142578], "2": [7.461552143096924, 7.423573732376099, 7.4459145069122314], "5": [19.865724563598633, 19.88733673095703, 20.14265751838684], "10": [37.21326732635498, 36.622212648391724, 36.823843479156494], "15": [48.16123723983765, 48.76473951339722, 48.34199500083923], "17": [54.02833819389343, 54.14359521865845, 53.99380087852478]}