{"1": [36.557881116867065, 36.81796622276306, 36.68063259124756], "10": [40.51424694061279, 40.749911069869995, 40.62289309501648], "25": [42.96224594116211, 43.19970226287842, 43.17434525489807], "50": [47.084547996520996, 46.95103883743286, 47.14414644241333], "75": [50.273890256881714, 50.36606001853943, 50.48100161552429], "90": [51.5621771812439, 51.582629442214966, 51.58458137512207], "100": [36.25389623641968, 36.4155490398407, 36.57214117050171]}
