{
    "100": [96.99207830429077, 98.14181232452393], 
    "75": [117.4267807006836, 119.07233190536499], 
    "50": [115.10700416564941, 116.98955702781677], 
    "25": [108.31287240982056, 111.09648609161377], 
    "10": [105.22293019294739, 102.33240723609924], 
    "1": [98.80413007736206, 101.57417297363281]
}
