{
    "100": [78.04308295249939, 76.85707402229309], 
    "75": [101.13340759277344, 101.04399561882019], 
    "50": [97.11646366119385, 97.4006450176239], 
    "25": [88.32662296295166, 87.46165704727173],
    "10": [84.96377992630005, 84.52443718910217],
    "1": [77.84126877784729, 77.96014618873596]
}
