{
    "100": [107.76584982872009, 104.93228530883789], 
    "75": [88.66036105155945, 88.18277955055237], 
    "50": [77.43113684654236, 77.96550917625427], 
    "25": [52.28862929344177, 52.46030259132385], 
    "10": [44.0214581489563, 44.39056205749512], 
    "1": [35.44971585273743, 35.64986491203308]
}
