{"100": [2.7331883907318115, 2.7494397163391113, 2.603050947189331, 2.6299517154693604, 2.588934898376465, 2.6154448986053467, 2.5996267795562744, 2.628390312194824, 2.6232354640960693, 2.6622486114501953], "99,": [2.6726467609405518, 2.7004029750823975, 2.665050983428955, 2.626271963119507, 2.6142895221710205, 2.567530393600464, 2.5912704467773438, 2.6128790378570557, 2.590132474899292, 2.6412949562072754], "90": [4.412444353103638, 4.469515085220337, 4.332201957702637, 4.341823577880859, 4.341116666793823, 4.292486190795898, 4.3607587814331055, 4.37358546257019, 4.239731311798096, 4.3346827030181885], "75": [4.174945831298828, 4.270867347717285, 4.1799116134643555, 4.122953176498413, 4.180695056915283, 4.175112962722778, 4.145906686782837, 4.180740833282471, 4.1306047439575195, 4.203013181686401], "50": [3.9583258628845215, 4.0275890827178955, 4.023187160491943, 4.059582471847534, 4.070371389389038, 4.0741260051727295, 4.039194345474243, 3.9036448001861572, 3.9537057876586914, 4.066038370132446], "25": [3.4865221977233887, 3.4512076377868652, 3.5114619731903076, 3.4805386066436768, 3.518486499786377, 3.5120115280151367, 3.4456560611724854, 3.647286891937256, 3.5384020805358887, 3.5543417930603027], "10": [3.26302170753479, 3.232177257537842, 3.2849106788635254, 3.3701975345611572, 3.264936685562134, 3.2869603633880615, 3.2844929695129395, 3.292732000350952, 3.255157470703125, 3.303971767425537], "1": [3.002619504928589, 2.884897470474243, 2.958984136581421, 2.901738405227661, 2.9052374362945557, 2.979745388031006, 2.9415061473846436, 2.955159902572632, 2.8988473415374756, 3.004852771759033]}