{"100": [8.893821001052856, 8.055371284484863, 8.049906969070435, 8.150249004364014, 8.043949365615845, 8.143569231033325, 7.966784715652466, 8.033274173736572, 8.055418729782104, 8.181757688522339], "99,": [8.090559959411621, 8.009328126907349, 8.01523470878601, 8.005428314208984, 8.076592922210693, 8.032499313354492, 8.202606678009033, 7.889350891113281, 8.095195055007935, 7.952221393585205], "90": [8.802136898040771, 8.895633220672607, 8.71001935005188, 8.712896823883057, 8.651100873947144, 8.749415397644043, 9.010215282440186, 8.730930805206299, 8.857381820678711, 8.849390268325806], "75": [7.886029005050659, 7.944623708724976, 7.9566264152526855, 7.938999176025391, 7.821661949157715, 7.880241394042969, 7.790313720703125, 7.94887900352478, 7.924941301345825, 7.889879465103149], "50": [6.546654462814331, 6.461489200592041, 6.642139911651611, 6.559173345565796, 6.423792600631714, 6.565266132354736, 6.396557807922363, 6.550429582595825, 6.7048304080963135, 6.509354829788208], "25": [4.071823835372925, 4.148335695266724, 4.0830910205841064, 4.178241014480591, 4.246392250061035, 4.052438020706177, 4.116077423095703, 4.0884034633636475, 4.013140439987183, 4.111453056335449], "10": [2.8517355918884277, 2.79270076751709, 2.799677610397339, 2.786538600921631, 2.7378461360931396, 2.787140130996704, 2.880615234375, 2.7769784927368164, 2.802668809890747, 2.808353900909424], "1": [1.760575294494629, 1.786864995956421, 1.816314697265625, 1.7309908866882324, 1.7078297138214111, 1.7769775390625, 1.6746878623962402, 1.760396957397461, 1.7667336463928223, 1.752314805984497]}
