{"100": [53.24890160560608, 52.78105425834656, 52.65833234786987], "99": [53.94093942642212, 54.24873065948486, 54.58950138092041], "90": [53.8822922706604, 53.76102566719055, 53.56578254699707], "75": [39.533899545669556, 39.320014238357544, 39.14068126678467], "50": [32.47968006134033, 32.16611695289612, 31.841437816619873], "25": [19.629932403564453, 19.969871044158936, 19.900769233703613], "10": [16.459146738052368, 16.089693307876587, 15.966126203536987], "1": [12.131752729415894, 12.013091802597046, 12.10062837600708]}