{
    "100": [78.55207824707031, 76.54370379447937, 76.70987319946289], 
    "10": [84.71660423278809, 85.25930881500244, 84.3108582496643], 
    "1": [77.38287806510925, 77.13811755180359, 77.18932461738586]
}