{"100": [33.6755530834198, 32.51786208152771], "99": [46.05271530151367, 46.251036643981934], "90": [46.50940823554993, 46.14665746688843], "75": [42.70875072479248, 42.78398156166077], "50": [40.79933428764343, 40.85776162147522], "25": [36.80418109893799, 37.16489291191101], "10": [36.05209231376648, 35.90871834754944], "1": [33.431116342544556, 33.38047385215759]}