{"100": [37.807478189468384, 37.25577902793884], "99": [51.55164837837219, 51.740843772888184], "90": [51.80460524559021, 51.877793073654175], "75": [49.30162715911865, 49.275665044784546], "50": [47.499428510665894, 47.556230545043945], "25": [43.679590702056885, 43.717342376708984], "10": [42.184417963027954, 42.187209606170654], "1": [38.480090856552124, 38.57808828353882]}