{"100": [33.69924187660217, 33.0336651802063], "99": [46.945316314697266, 46.7590811252594], "90": [46.916709423065186, 46.96846294403076], "75": [43.60126996040344, 43.568286180496216], "50": [41.406386375427246, 41.82196378707886], "25": [38.15171527862549, 37.976078748703], "10": [36.88732981681824, 36.960992097854614], "1": [34.41496276855469, 34.15638780593872]}