{"100": [46.22215461730957, 46.161609411239624], "99": [52.283530950546265, 52.025856494903564], "90": [50.81462478637695, 50.79909634590149], "75": [43.79501748085022, 43.46641993522644], "50": [39.78860282897949, 40.01706552505493], "25": [31.608901023864746, 31.56855869293213], "10": [28.891483068466187, 28.829203605651855], "1": [25.51083540916443, 25.54476046562195]}