{"100": [46.77834510803223, 45.507468461990356, 45.57180976867676], "99": [51.43187403678894, 51.44968557357788, 51.57972264289856], "90": [51.48210549354553, 51.30104970932007, 51.35039710998535], "75": [44.53206968307495, 44.47994637489319, 44.27930998802185], "50": [39.966270208358765, 39.86755967140198, 39.90097761154175], "25": [32.39188861846924, 32.316340923309326, 32.39765691757202], "10": [30.279820680618286, 30.312955141067505, 30.24002766609192], "1": [26.52910590171814, 26.668439149856567, 26.38945722579956]}