{"100": [46.56338810920715, 46.33019948005676, 45.84303689002991], "99": [52.853519916534424, 52.70500826835632, 52.55527663230896], "90": [52.01987600326538, 52.40623950958252, 52.30116248130798], "75": [42.448161602020264, 42.26103734970093, 42.148207902908325], "50": [38.16199231147766, 38.09862661361694, 37.837090730667114], "25": [28.913179874420166, 29.07793092727661, 28.96045231819153], "10": [26.807173252105713, 26.46957230567932, 26.594841957092285], "1": [23.37007999420166, 23.462196588516235, 23.715168952941895]}