{"100": [54.391775608062744, 53.95045185089111], "99": [55.70770740509033, 55.14653205871582], "90": [54.81686544418335, 54.71699619293213], "75": [42.36050891876221, 42.58994126319885], "50": [37.35431456565857, 37.42194151878357], "25": [27.883294105529785, 27.949131727218628], "10": [25.234906673431396, 25.18421459197998], "1": [22.20443034172058, 21.943049430847168]}