{
    "100": [81.99660015106201, 81.36782765388489, 81.00340247154236], 
    "10": [88.18221592903137, 88.53567957878113, 88.61822843551636], 
    "1": [82.37133526802063, 82.22149348258972, 82.42826795578003]
}
