{
    "1": [40.14711403846741, 40.278658866882324, 40.513535499572754], 
    "10": [44.239609718322754, 43.90006494522095, 43.85806465148926], 
    "25": [45.912317991256714, 45.955862522125244, 46.010740518569946], 
    "50": [50.425532817840576, 49.93071413040161, 50.10321116447449], 
    "75": [53.55246639251709, 53.318312644958496, 53.41451454162598], 
    "90": [54.336230754852295, 54.12074685096741, 54.03975296020508], 
    "100": [39.86361885070801, 40.53410363197327, 41.56416463851929]
}
