{"100": [39.67719006538391, 39.50674748420715, 38.803631067276], "99": [41.485745668411255, 41.42577910423279, 41.21141600608826], "90": [39.47007918357849, 39.67397141456604, 39.876055002212524], "75": [31.033843755722046, 30.93571138381958, 31.075084924697876], "50": [25.837980270385742, 25.897307634353638, 25.811388969421387], "25": [16.49020218849182, 16.681111812591553, 16.607301712036133], "10": [13.651822328567505, 13.809167861938477, 13.756444454193115], "1": [10.567301750183105, 10.565920114517212, 10.508450031280518]}