{
    "100": [163.54142332077026, 164.6382794380188, 163.83787369728088], 
    "10": [134.3343379497528, 133.76673698425293, 134.29813051223755], 
    "1": [127.18950653076172, 126.58296537399292, 127.16628074645996]
}
