{
    "1": [18.61535358428955, 18.15450954437256, 18.06341028213501], 
    "10": [22.347875118255615, 22.69692087173462, 22.447413682937622], 
    "25": [26.5082688331604, 26.827086210250854, 26.56414484977722], 
    "50": [40.11780500411987, 39.94523048400879, 39.33142971992493], 
    "75": [45.2606155872345, 45.074541330337524, 45.81322407722473], 
    "100": [53.786492109298706, 53.59791684150696, 53.908175468444824]
}
