{"100": [45.16854190826416, 45.05225443840027], "99": [54.91866064071655, 54.82781672477722], "90": [52.39375114440918, 52.42213749885559], "75": [43.015475273132324, 43.07164168357849], "50": [38.277127504348755, 37.62654757499695], "25": [27.26786708831787, 27.63954257965088], "10": [24.15692377090454, 23.849567413330078], "1": [20.731436729431152, 20.931931257247925]}