{
    "100": [107.31408286094666, 105.80104088783264, 104.09356760978699], 
    "10": [44.04256629943848, 43.971837520599365, 44.083134174346924], 
    "1": [35.8620970249176, 35.86321544647217, 35.33844590187073]
}
