{"1": [38.9779372215271, 38.85432291030884], "10": [41.75790238380432, 41.956867694854736], "25": [44.05845785140991, 44.27864623069763], "50": [48.07647728919983, 47.86935806274414], "75": [50.85466122627258, 50.52074074745178], "90": [51.800413370132446, 51.844696283340454], "100": [37.92221450805664, 37.836068868637085]}