{"1": [21.0549259185791, 20.02463984489441, 20.191660165786743], "10": [24.790871620178223, 24.946999549865723, 24.852421045303345], "25": [29.996699333190918, 29.970189094543457, 29.915470600128174], "50": [39.8579843044281, 40.192707777023315, 40.0312659740448], "75": [48.50025677680969, 48.64844560623169, 48.25235462188721], "90": [53.50897693634033, 53.550102949142456, 53.066402435302734], "100": [51.50009512901306, 51.96131777763367, 52.03135824203491]}