{
    "1": [20.556201934814453, 17.95445418357849, 18.603782892227173],
    "10": [22.585068702697754, 22.39235281944275, 22.429155111312866],
    "25": [28.38661289215088, 28.863746881484985, 28.408257007598877],
    "50": [39.42896795272827, 39.62340593338013, 39.8500280380249],
    "75": [51.00726819038391, 51.07193088531494, 50.6071035861969],
    "90": [54.83143591880798, 55.1627402305603, 55.11553645133972],
    "100": [53.18839931488037, 52.78414869308472, 53.08275771141052]
}
