{"100": [37.75426626205444, 37.33261513710022, 37.50238871574402], "99": [43.547455072402954, 43.22676730155945, 43.57567572593689], "90": [42.48257231712341, 42.665276765823364, 42.34967255592346], "75": [35.436214447021484, 35.38041377067566, 35.05762767791748], "50": [31.479249954223633, 31.525026321411133, 31.32121443748474], "25": [21.727962732315063, 21.659817457199097, 21.697948455810547], "10": [19.514371871948242, 19.449955940246582, 19.573363065719604], "1": [16.298686742782593, 16.82930874824524, 16.77394986152649]}