{"100": [44.527467012405396, 44.89256167411804, 44.785781145095825], "99": [49.92674398422241, 49.92591977119446, 49.766130685806274], "90": [48.53785586357117, 48.35321283340454, 48.315861225128174], "75": [41.76269030570984, 41.88289761543274, 41.632123947143555], "50": [37.173564434051514, 37.28634762763977, 37.22328448295593], "25": [29.511337757110596, 29.445897817611694, 29.210773944854736], "10": [27.291215419769287, 27.07803225517273, 26.79617190361023], "1": [24.12402844429016, 24.07262396812439, 24.14896869659424]}