{"100": [65.84036016464233, 65.68077802658081, 65.81616640090942], "99": [54.85868740081787, 55.38614845275879, 55.71433067321777], "90": [57.424864530563354, 56.31869459152222, 57.29219126701355], "75": [57.820221185684204, 55.77209806442261, 57.051506757736206], "50": [58.14906549453735, 59.442386627197266, 59.00971817970276], "25": [63.54174590110779, 63.13146615028381, 63.11492872238159], "10": [63.49034786224365, 62.27262473106384, 62.287752628326416], "1": [64.13510990142822, 66.22514486312866, 64.20494413375854]}