{"100": [54.77196455001831, 54.451822996139526, 53.968196630477905], "99": [56.88561534881592, 56.68121790885925, 56.74459266662598], "90": [57.05585193634033, 56.71113133430481, 56.45260667800903], "75": [44.518861055374146, 44.90833926200867, 44.17826223373413], "50": [39.92518639564514, 39.82991099357605, 39.90294814109802], "25": [29.239664554595947, 29.24367618560791, 28.732439041137695], "10": [25.795318841934204, 25.98989725112915, 26.128570079803467], "1": [22.702573776245117, 23.007339000701904, 22.93292999267578]}