{"100": [66.72869729995728, 58.590423345565796], "99": [62.623066425323486, 63.29504609107971], "90": [60.622713804244995, 61.19242739677429], "75": [56.643293380737305, 55.3919198513031], "50": [47.330862283706665, 45.61172032356262], "25": [34.83563303947449, 34.952980518341064], "10": [29.155397415161133, 28.620904684066772], "1": [24.300530433654785, 24.320870876312256]}