{"100": [54.67385172843933, 53.49603509902954], "99": [57.86203956604004, 58.22108864784241], "90": [55.5637891292572, 54.74580001831055], "75": [50.69527745246887, 50.52456712722778], "50": [39.74040174484253, 39.42867064476013], "25": [28.501208066940308, 28.229443788528442], "10": [22.544620513916016, 22.280619621276855], "1": [18.487037181854248, 18.565884828567505]}