{"100": [54.82933568954468, 52.970107078552246], "99": [54.84834575653076, 54.78068995475769], "90": [51.75206232070923, 52.38010025024414], "75": [46.51967167854309, 46.09088635444641], "50": [33.853777170181274, 33.646265268325806], "25": [22.999281406402588, 22.53356409072876], "10": [17.249969720840454, 17.119354248046875], "1": [13.372675657272339, 13.147181034088135]}