{"100": [40.9217586517334, 39.633068799972534], "99": [54.88797044754028, 54.770606994628906], "90": [54.15202474594116, 54.41094994544983], "75": [53.26346158981323, 53.33857583999634], "50": [50.12144351005554, 49.60033392906189], "25": [46.10658383369446, 45.5531792640686], "10": [43.69790053367615, 44.17976188659668], "1": [40.134806394577026, 40.17224836349487]}