{"100": [71.22964835166931, 69.93524074554443], "99": [73.3554995059967, 73.78273177146912], "90": [70.4794089794159, 70.66648459434509], "75": [65.53348541259766, 64.31393814086914], "50": [51.18920302391052, 51.89383387565613], "25": [38.29452633857727, 38.32903552055359], "10": [30.894104957580566, 30.382548809051514], "1": [24.488247632980347, 24.69779682159424]}