{"1": [15.876236200332642, 13.619064331054688], "10": [19.34586787223816, 19.31091332435608], "25": [26.904411554336548, 27.17137861251831], "50": [40.479382038116455, 41.7569522857666], "75": [53.747941970825195, 53.293633460998535], "90": [60.519437074661255, 62.413047552108765], "99": [67.22746801376343, 66.77665710449219], "100": [57.10961723327637]}