{"100": [62.518794298172, 61.803319692611694], "99": [67.22746801376343, 66.77665710449219], "90": [63.74412775039673, 63.70219588279724], "75": [57.97018504142761, 57.925403118133545], "50": [44.9617977142334, 44.939181089401245], "25": [31.278327226638794, 31.25725293159485], "10": [24.735119581222534, 24.565589904785156], "1": [18.173479318618774, 18.570416927337646]}