{
    "100": [164.35838866233826, 162.88748359680176, 163.34146118164062], 
    "10": [134.53669381141663, 133.9677894115448, 141.91768836975098], 
    "1": [126.73403525352478, 127.38081479072571, 126.99294376373291]
}
