{
    "100": [102.79332900047302, 102.7774224281311, 103.30969190597534], 
    "10": [111.40390515327454, 111.7642331123352, 111.541335105896], 
    "1": [103.19849562644958, 101.03112554550171, 103.32101655006409]
}
