{
    "100": [40.661975622177124, 39.995044231414795, 39.62311244010925, 40.28923726081848, 40.0472137928009], 
    "75": [52.377840518951416, 52.318912982940674, 52.45298886299133, 52.19857835769653, 52.19812822341919], 
    "50": [50.05527973175049, 50.23470902442932, 50.22998404502869, 48.97696661949158, 50.19014883041382], 
    "25": [45.44941329956055, 45.06687140464783, 45.33011817932129, 45.26536846160889, 45.95285892486572], 
    "10": [44.24193239212036, 44.2201030254364, 43.75376319885254, 43.7889347076416, 43.970510482788086], 
    "1": [41.020769119262695, 40.560232162475586, 40.402066469192505, 40.29692006111145, 40.440635442733765]
}
