{"17": [54.79159665107727, 54.18877410888672, 53.952956438064575], "15": [49.53503966331482, 48.95541739463806, 48.490055322647095], "10": [37.536972761154175, 38.13800668716431, 37.59111142158508], "5": [21.14685606956482, 21.135446786880493, 21.010454893112183], "2": [8.465088844299316, 8.615599870681763, 8.467620134353638], "1": [4.8814918994903564, 4.859033107757568, 4.796238422393799]}