{"17": [51.87653684616089, 52.265775203704834, 52.70890665054321], "15": [46.19570851325989, 48.16517472267151, 47.13545227050781], "10": [38.235968828201294, 38.09008479118347, 38.217700481414795], "5": [23.727832555770874, 23.81812810897827, 23.755188703536987], "2": [11.883944749832153, 11.782002687454224, 11.778939962387085], "1": [9.38395357131958, 9.373257160186768, 9.384479522705078]}