{
    "1": [18.299403190612793, 18.2679123878479, 18.434624910354614], 
    "10": [22.45396399497986, 22.375396728515625, 22.361664533615112], 
    "25": [26.69059681892395, 26.861050605773926, 26.79374098777771], 
    "50": [39.73577857017517, 39.80808687210083, 39.916563272476196], 
    "75": [45.218466997146606, 44.978145599365234, 45.615342140197754], 
    "100": [53.746617555618286, 52.726704597473145, 53.868818044662476]
}
