{"1": [21.218573093414307, 18.391833305358887], "10": [22.48445200920105, 22.220176696777344], "25": [28.49010920524597, 28.659468412399292], "50": [39.36688566207886, 40.27126932144165], "75": [51.53565812110901, 50.29106044769287], "90": [55.52003717422485, 54.71293616294861], "100": [52.66844153404236, 52.82431888580322]}