{
    "100": [348.12507915496826, 347.4110028743744, 347.49193263053894], 
    "10": [355.867023229599, 356.1923096179962, 355.5950620174408], 
    "1": [348.6120913028717, 347.84475898742676, 346.99566102027893]
}