{
    "100": [53.41314220428467, 53.39833211898804, 53.17750382423401], 
    "99": [55.03695297241211, 53.68522024154663, 54.009297370910645], 
    "90": [50.42727971076965, 50.675657749176025, 50.97206425666809], 
    "75": [44.68461203575134, 45.12374830245972, 45.44797658920288], 
    "50": [35.1187207698822, 35.05719494819641, 35.59654951095581], 
    "25": [25.518432140350342, 26.17274808883667, 26.037949562072754], 
    "10": [21.221288681030273, 21.32997965812683, 21.152888774871826], 
    "1": [18.206353664398193, 18.166157960891724, 18.3193461894989]
}
