{
    "100": [343.23263144493103, 340.9681694507599, 340.0162296295166], 
    "10": [350.01455569267273, 348.10539078712463, 348.57153272628784], 
    "1": [341.31759119033813, 342.56074142456055, 342.8713903427124]
}
