{
    "100": [191.31061911582947, 185.8427767753601, 184.66210770606995], 
    "10": [82.65152764320374, 82.81228590011597, 83.1098849773407], 
    "1": [67.60221719741821, 67.25752663612366, 67.41553735733032]
}
