{
    "100": [39.906768560409546, 40.05569410324097, 39.79405903816223, 39.948742151260376, 39.99190878868103], 
    "75": [52.488144874572754, 52.52825331687927, 52.2634642124176, 52.13526797294617, 52.482125759124756], 
    "50": [49.96561670303345, 51.21958923339844, 50.23010206222534, 50.449816942214966, 50.5886025428772], 
    "25": [45.930434703826904, 45.476314544677734, 45.96821355819702, 45.761430501937866, 45.76954960823059], 
    "10": [43.945188760757446, 43.97666335105896, 44.64188480377197, 44.07829213142395, 44.22018241882324],
    "1": [41.349727153778076, 40.77667498588562, 40.52305269241333, 40.416160106658936, 40.54689931869507]
}
