{
    "100": [55.08982229232788, 53.96569561958313, 53.722087383270264, 53.850571155548096, 52.741333961486816], 
    "75": [44.85119366645813, 45.12021994590759, 44.85517072677612, 45.90679693222046, 44.905659914016724], 
    "50": [39.80592489242554, 40.30894327163696, 39.054869413375854, 38.889668226242065, 39.730210065841675], 
    "25": [26.97237801551819, 26.634377241134644, 26.259809255599976, 26.57173228263855, 26.523234367370605], 
    "10": [22.716553449630737, 22.444124937057495, 22.473997592926025, 22.748427867889404, 22.452007293701172], 
    "1": [18.17670750617981, 18.439130544662476, 18.485084295272827, 18.505359649658203, 18.587087869644165]
}
