{"100": [32.214778423309326, 31.641414403915405, 31.641923427581787], "99": [44.62228989601135, 44.35806655883789, 44.383665561676025], "90": [44.72319579124451, 44.74276113510132, 44.883464097976685], "75": [41.343929290771484, 41.23655867576599, 41.42954230308533], "50": [39.767130851745605, 39.46806073188782, 39.431739807128906], "25": [35.83862280845642, 36.18007683753967, 36.08840775489807], "10": [35.223318099975586, 34.84634709358215, 34.9926962852478], "1": [32.15909504890442, 32.048452854156494, 32.01929521560669]}