{"100": [42.41897130012512, 41.973419189453125, 41.93904733657837], "99": [57.48220872879028, 56.85908818244934, 57.28632044792175], "90": [57.486793994903564, 57.75335478782654, 57.47708797454834], "75": [54.31728792190552, 54.15720248222351, 53.69987964630127], "50": [51.99634313583374, 51.8987398147583, 52.29677963256836], "25": [47.780417919158936, 47.57679343223572, 47.21617674827576], "10": [45.42101263999939, 45.67055034637451, 45.71664071083069], "1": [42.573216676712036, 42.378023624420166, 42.65230846405029]}