{
    "100": [321.49557304382324, 322.5589210987091, 324.7371094226837], 
    "10": [269.4000725746155, 268.9976382255554, 262.9740905761719], 
    "1": [248.90769386291504, 250.06253623962402, 250.255455493927]
}
