{
    "100": [1.4190833568572998, 1.0672037601470947, 1.2636384963989258, 1.2792987823486328, 1.0588088035583496, 1.2386693954467773, 1.0232508182525635, 1.0887532234191895, 1.2258319854736328, 0.989107608795166, 1.094452142715454, 1.119823932647705, 1.190537691116333, 1.0072381496429443, 0.9815638065338135, 1.2670001983642578, 1.0894441604614258, 0.9507424831390381, 1.2094192504882812, 0.9912252426147461, 1.0415747165679932, 1.0643751621246338, 0.9618890285491943, 1.0679211616516113, 1.0130302906036377, 1.223534345626831, 1.1934764385223389, 1.1308348178863525, 1.2676053047180176, 1.052448034286499, 0.9520795345306396, 1.0171048641204834, 0.9410936832427979, 1.1143670082092285, 1.0896241664886475, 0.978151798248291, 0.9651587009429932, 1.3546011447906494, 1.0842759609222412, 0.9621381759643555, 0.9469025135040283, 1.0458853244781494, 1.2551465034484863, 1.0271172523498535, 0.9808368682861328, 1.2120506763458252, 1.0382654666900635, 1.0314435958862305, 1.2604825496673584, 1.0772895812988281],
    "10": [1.2431316375732422, 1.135207176208496, 1.2732915878295898, 1.064446210861206, 1.115354061126709, 1.4163649082183838, 1.3065171241760254, 1.0446548461914062, 1.1066386699676514, 1.1822755336761475, 1.031029462814331, 1.055647850036621, 1.212867259979248, 1.098484992980957, 1.2217023372650146, 1.0242037773132324, 1.1374287605285645, 1.021890640258789, 1.2213900089263916, 1.0696637630462646, 1.0926282405853271, 1.1439909934997559, 1.2708446979522705, 1.1440038681030273, 1.29832124710083, 1.2496402263641357, 1.2862040996551514, 1.277043342590332, 1.092625617980957, 1.091139554977417, 1.053978681564331, 1.3114049434661865, 1.2346718311309814, 1.0243220329284668, 1.0534534454345703, 1.2709596157073975, 1.2263283729553223, 1.1048979759216309, 1.1189799308776855, 1.2722392082214355, 1.118225336074829, 1.3582301139831543, 1.2913098335266113, 1.2851102352142334, 1.2633192539215088, 1.0408210754394531, 1.1301333904266357, 1.317702293395996, 1.0762145519256592, 1.3671221733093262],
    "1": [1.3238139152526855, 1.21657133102417, 1.0579915046691895, 1.031493902206421, 0.9860987663269043, 1.1257622241973877, 1.0353310108184814, 1.0817406177520752, 1.050093650817871, 1.082106351852417, 1.192188024520874, 1.2301058769226074, 1.3459911346435547, 1.2460784912109375, 1.2533063888549805, 1.2381954193115234, 1.078176498413086, 1.2136919498443604, 1.070838212966919, 1.02010178565979, 1.2957053184509277, 1.187150001525879, 1.1819126605987549, 1.189591646194458, 0.9995381832122803, 0.9741573333740234, 0.9634826183319092, 1.21769380569458, 0.9826440811157227, 1.012449026107788, 1.0286126136779785, 1.1544098854064941, 1.319620132446289, 1.194958209991455, 1.2428338527679443, 1.0951600074768066, 1.0972716808319092, 1.0376770496368408, 1.1328792572021484, 1.0804722309112549, 1.0687782764434814, 1.0059998035430908, 1.0745489597320557, 1.0801806449890137, 0.9712088108062744, 1.0036280155181885, 1.0532643795013428, 1.0192279815673828, 1.2128829956054688, 1.1560554504394531]
}
