{
    "100": [3.121840238571167, 3.1310153007507324, 3.2523491382598877, 2.9976351261138916, 2.99141001701355, 3.0491299629211426, 2.7412474155426025, 2.8270277976989746, 3.045042037963867, 2.9929325580596924, 2.8782904148101807, 3.144850730895996, 3.000192880630493, 2.8100616931915283, 2.9832701683044434, 2.8265297412872314, 2.741649866104126, 2.867703437805176, 2.9764177799224854, 2.8866076469421387, 3.028635263442993, 2.78161358833313, 3.137711524963379, 2.811091899871826, 2.8809800148010254, 2.906277656555176, 2.825838327407837, 2.7656946182250977, 2.7225706577301025, 2.8639767169952393, 2.7676994800567627, 2.7889902591705322, 2.9374399185180664, 2.890014410018921, 3.083470344543457, 2.938122034072876, 2.6296298503875732, 2.8521573543548584, 2.678335189819336, 2.949676036834717, 2.872608184814453, 2.770915985107422, 2.9951729774475098, 2.9914391040802, 3.0227320194244385, 2.8301825523376465, 3.138678789138794, 2.7637734413146973, 2.766446590423584, 2.634873628616333],
    "10": [1.334961175918579, 1.395085334777832, 1.3458330631256104, 1.517535924911499, 1.3226971626281738, 1.4204838275909424, 1.265519380569458, 1.2907540798187256, 1.308821201324463, 1.4801149368286133, 1.364410400390625, 1.409656286239624, 1.488065242767334, 1.543137788772583, 1.424940824508667, 1.4364676475524902, 1.3448858261108398, 1.3843936920166016, 1.1983318328857422, 1.342790126800537, 1.3332231044769287, 1.5234637260437012, 1.3483409881591797, 1.353663444519043, 1.2795276641845703, 1.5169761180877686, 1.249098539352417, 1.3942592144012451, 1.4022681713104248, 1.2947137355804443, 1.4572722911834717, 1.3993394374847412, 1.2586143016815186, 1.4019191265106201, 1.3909847736358643, 1.1954662799835205, 1.4174680709838867, 1.3858568668365479, 1.3409264087677002, 1.4028019905090332, 1.3397867679595947, 1.3805744647979736, 1.377326488494873, 1.225386142730713, 1.326828956604004, 1.334991216659546, 1.3335223197937012, 1.321129560470581, 1.427527666091919, 1.3129258155822754],
    "1": [1.0352578163146973, 1.0379176139831543, 0.9519307613372803, 1.1315240859985352, 1.1318035125732422, 1.0113856792449951, 0.9591562747955322, 1.0193190574645996, 1.1721632480621338, 1.0169200897216797, 0.9996597766876221, 1.1011192798614502, 1.0317456722259521, 1.2017934322357178, 1.1294403076171875, 1.1403446197509766, 1.1512529850006104, 1.1359999179840088, 1.261042833328247, 1.002659797668457, 0.9980020523071289, 1.0263502597808838, 1.1146628856658936, 1.157073736190796, 1.05696439743042, 1.040802001953125, 1.0028460025787354, 1.1276049613952637, 1.1700794696807861, 1.0055348873138428, 1.1033413410186768, 1.1374843120574951, 1.1814014911651611, 1.1406371593475342, 1.2096550464630127, 1.0750000476837158, 1.1147279739379883, 1.00370192527771, 1.1483640670776367, 1.1095771789550781, 1.122152328491211, 1.1138241291046143, 1.1377546787261963, 1.1287782192230225, 1.1135833263397217, 1.1648023128509521, 1.0086779594421387, 1.1194276809692383, 1.1261682510375977, 1.0215811729431152]
}
