{
    "100": [1.4385473728179932, 1.0386970043182373, 1.0393552780151367, 1.1806755065917969, 1.04323410987854, 0.9809727668762207, 1.0259850025177002, 1.0711305141448975, 1.1875495910644531, 1.1212918758392334, 1.187774896621704, 0.9754528999328613, 1.0816795825958252, 1.0142643451690674, 1.2288336753845215, 0.9511301517486572, 0.9712245464324951, 1.2588303089141846, 0.9937846660614014, 1.1924326419830322, 1.3548059463500977, 1.2242772579193115, 0.9676928520202637, 1.2497901916503906, 1.2361764907836914, 1.245328664779663, 1.074660062789917, 1.2425963878631592, 1.2642011642456055, 1.0181283950805664, 1.2397935390472412, 1.0118753910064697, 1.0644900798797607, 0.9999043941497803, 1.471557855606079, 1.102618932723999, 1.1092948913574219, 1.032752513885498, 1.1752667427062988, 1.189789056777954, 1.218111276626587, 1.013441801071167, 1.0514445304870605, 1.0397849082946777, 1.012329339981079, 1.0647802352905273, 1.339069128036499, 1.078639268875122, 1.244166612625122, 0.9923429489135742],
    "10": [1.3606021404266357, 1.2662079334259033, 1.1152260303497314, 1.2493958473205566, 1.0644252300262451, 1.056839942932129, 1.1397480964660645, 1.2355127334594727, 1.292402744293213, 1.0525949001312256, 1.23799467086792, 1.0714917182922363, 1.0929632186889648, 1.0887706279754639, 1.1090190410614014, 1.0298254489898682, 1.116894245147705, 1.0534374713897705, 1.1429216861724854, 1.1562738418579102, 1.0367937088012695, 1.1098434925079346, 1.0840718746185303, 1.117779016494751, 1.2879064083099365, 1.313000202178955, 1.2483007907867432, 1.436424970626831, 1.1689188480377197, 1.176241397857666, 1.2416706085205078, 1.102491855621338, 1.2061030864715576, 1.2704987525939941, 1.1831638813018799, 1.0930099487304688, 1.168947458267212, 1.0527939796447754, 1.0443756580352783, 1.028040885925293, 1.0972177982330322, 1.2211484909057617, 1.1093347072601318, 1.2719337940216064, 1.2677288055419922, 1.259537935256958, 1.013922929763794, 1.0500030517578125, 1.1632497310638428, 1.1509568691253662],
    "1": [1.3046143054962158, 1.073096752166748, 1.2599356174468994, 1.0153889656066895, 1.2615487575531006, 1.2342681884765625, 1.1168816089630127, 1.0277211666107178, 1.1859955787658691, 0.9901185035705566, 1.2209553718566895, 1.202054500579834, 1.2199621200561523, 1.0223298072814941, 1.112091064453125, 1.0522356033325195, 1.2330844402313232, 1.2135722637176514, 0.9697647094726562, 1.1995553970336914, 1.177842140197754, 1.2125184535980225, 1.0920321941375732, 1.2460172176361084, 1.2062015533447266, 1.0031518936157227, 0.9883646965026855, 1.0188307762145996, 1.159693717956543, 1.222541332244873, 1.2014193534851074, 0.9262204170227051, 1.105241298675537, 1.1799695491790771, 1.2622098922729492, 1.0870566368103027, 1.0661053657531738, 1.0428907871246338, 1.0693788528442383, 1.1741328239440918, 1.2051143646240234, 1.0267083644866943, 1.0642986297607422, 1.2074570655822754, 1.1783485412597656, 1.1002912521362305, 1.1680076122283936, 1.207042932510376, 1.0629379749298096, 1.0241925716400146]
}