{"100": [2.735443353652954, 2.6889488697052, 2.706484079360962, 2.7008912563323975, 2.7028751373291016], "99": [3.9457767009735107, 3.953854560852051, 3.886176824569702, 3.9841861724853516, 3.9381282329559326], "90": [3.9999914169311523, 4.029637336730957, 4.014603137969971, 4.032905340194702, 4.039188861846924], "75": [4.134903430938721, 4.146151304244995, 4.13828182220459, 4.173427104949951, 4.085860252380371], "50": [3.9857587814331055, 3.9750897884368896, 3.982536554336548, 3.9911062717437744, 3.977703809738159], "25": [3.4226653575897217, 3.484649181365967, 3.4394891262054443, 3.4657139778137207, 3.449394941329956], "10": [3.2536656856536865, 3.262937068939209, 3.2759735584259033, 3.2836177349090576, 3.222761631011963], "1": [2.8962032794952393, 2.985302448272705, 2.9494688510894775, 2.941033124923706, 2.9476795196533203]}