{"100": [2.677145004272461, 2.6933608055114746, 2.6611673831939697, 2.629120111465454, 2.663829803466797], "99": [4.249937534332275, 4.188614845275879, 4.208926677703857, 4.230258464813232, 4.225153923034668], "90": [4.390362501144409, 4.388996124267578, 4.373361587524414, 4.415459632873535, 4.391253471374512], "75": [4.121380567550659, 4.124481201171875, 4.137407541275024, 4.1502580642700195, 4.10131311416626], "50": [3.990074634552002, 4.060414552688599, 4.060992479324341, 4.037214517593384, 4.1917338371276855], "25": [3.3961143493652344, 3.5243494510650635, 3.4061787128448486, 3.4144065380096436, 3.470113515853882], "10": [3.2947559356689453, 3.370616912841797, 3.366337299346924, 3.265878200531006, 3.315610408782959], "1": [2.9511494636535645, 3.0208754539489746, 2.8719682693481445, 2.8464720249176025, 2.9091622829437256]}