{"100": [8.119155883789062, 7.680758237838745, 7.60389518737793, 7.630062103271484, 7.599696636199951], "99": [9.016867876052856, 9.009984493255615, 9.024136066436768, 9.01328182220459, 9.026232481002808], "90": [8.938311100006104, 9.011075973510742, 9.019794225692749, 9.003969192504883, 9.019031524658203], "75": [7.525123834609985, 7.54565167427063, 7.492208957672119, 7.481648921966553, 7.540151119232178], "50": [6.683108806610107, 6.667160987854004, 6.723565578460693, 6.690231800079346, 6.684445142745972], "25": [4.390965938568115, 4.413398265838623, 4.419882774353027, 4.40156888961792, 4.387597322463989], "10": [3.465681791305542, 3.4820542335510254, 3.4865779876708984, 3.513381004333496, 3.519679546356201], "1": [2.4060475826263428, 2.4182777404785156, 2.3876285552978516, 2.4144980907440186, 2.421910524368286]}