{"100": [8.71847915649414, 8.796391010284424, 8.500802755355835, 8.612550735473633, 8.735608100891113], "99": [10.331642627716064, 10.409189224243164, 10.557203769683838, 10.2389497756958, 10.179406881332397], "90": [10.090150594711304, 10.030778646469116, 10.104513168334961, 10.374528646469116, 10.343286991119385], "75": [8.07861042022705, 8.044514179229736, 8.179901123046875, 8.118685007095337, 8.100481510162354], "50": [7.001473665237427, 7.161789894104004, 6.978185415267944, 7.26112174987793, 7.265844106674194], "25": [4.160202980041504, 4.083611488342285, 4.185351610183716, 4.220923900604248, 4.206862211227417], "10": [3.2057607173919678, 3.2263529300689697, 3.262594699859619, 3.254995584487915, 3.169462203979492], "1": [2.089644193649292, 2.1034369468688965, 2.0918712615966797, 2.1017143726348877, 2.136552333831787]}