{
    "100": [173.60563588142395, 171.47997856140137, 171.7133481502533], 
    "10": [176.7040958404541, 175.3867793083191, 176.20645117759705], 
    "1": [173.27115726470947, 172.3920247554779, 172.3078215122223]
}
