{"100": [35.49990439414978, 36.19288372993469], "90": [37.73691940307617, 37.51520538330078], "75": [37.651705741882324, 37.19296979904175], "50": [36.55241394042969, 36.72689485549927], "25": [36.02093529701233, 35.27908444404602], "10": [35.06947183609009, 35.399861574172974], "1": [35.6797251701355, 35.87992000579834]