{"100": [35.315858364105225, 34.39292311668396], "90": [35.52887296676636, 35.23283529281616], "75": [36.057342290878296, 36.22208881378174], "50": [34.847312450408936, 35.773730754852295], "25": [34.5199716091156, 35.09154677391052], "10": [35.32435417175293, 34.73061513900757], "1": [34.77068209648132, 35.549134492874146]}
