{"100": [48.72697925567627, 47.90562343597412], "90": [53.290441274642944, 53.07749629020691], "75": [52.89723491668701, 52.6204149723053], "50": [51.03013062477112, 50.92003774642944], "25": [48.793564319610596, 48.76064157485962], "10": [47.372406005859375, 48.06990647315979], "1": [47.1231575012207, 46.577024698257446]}
