{
    "100": [114.6405520439148, 104.91392850875854, 105.55454897880554], 
    "75": [89.58001947402954, 89.27881217002869, 88.39293766021729], 
    "50": [78.1036446094513, 78.68537044525146, 78.27524065971375], 
    "10": [44.13070821762085, 44.1269690990448, 44.07029151916504], 
    "1": [35.67383027076721, 35.6708128452301, 35.829400300979614]
}
