{
    "1": [41.00212812423706, 40.553351163864136], 
    "10": [44.50284433364868, 44.03835725784302], 
    "25": [46.222713470458984, 46.709474086761475], 
    "50": [50.33191204071045, 49.938629388809204], 
    "75": [53.601667642593384, 53.366913080215454], 
    "90": [40.745400190353394, 40.86494779586792],
    "100": [40.387948513031006, 40.34804940223694]
}
