{
    "1": [15.401651620864868, 13.360078811645508], 
    "10": [17.272948503494263, 17.141976594924927], 
    "25": [22.561534643173218, 22.41667914390564], 
    "50": [33.20902895927429, 33.76424598693848], 
    "75": [46.57145929336548, 46.09289741516113], 
    "90": [52.23214387893677, 52.82550382614136], 
    "100": [51.962279081344604, 52.429612159729004]
}
