{"100": [40.513535499572754, 39.13549542427063], "99": [54.91866064071655, 54.82781672477722], "90": [54.380595207214355, 54.57266569137573], "75": [53.131920337677, 52.983999729156494], "50": [50.19178771972656, 49.76811075210571], "25": [45.65177798271179, 46.20364785194397], "10": [43.885693311691284, 43.9363808631897], "1": [39.81107211112976, 40.20743751525879]}
