{
    "100": [44.15433716773987, 44.70294713973999], 
    "99": [50.16599369049072, 50.80666995048523], 
    "90": [47.961188554763794, 47.81446146965027], 
    "75": [44.39797806739807, 44.61982250213623], 
    "50": [35.437748432159424, 35.59600472450256], 
    "25": [26.143985748291016, 26.094297647476196], 
    "10": [21.73610520362854, 21.422448873519897], 
    "1": [18.389158487319946, 18.053112506866455]
}
