{"17": [37.687822580337524, 37.45591068267822, 37.56246876716614], "15": [33.47565054893494, 33.173187017440796, 33.077473878860474], "10": [27.132043600082397, 27.024000883102417, 27.230198860168457], "5": [18.974779844284058, 18.97893190383911, 18.956214666366577], "2": [10.609267711639404, 10.70243787765503, 10.54993748664856], "1": [8.621270179748535, 8.587452411651611, 8.51969861984253]}