{"17": [44.43679356575012, 44.54395842552185, 44.3446729183197], "15": [39.55199718475342, 39.43271994590759, 39.534414529800415], "10": [32.307841777801514, 32.05154728889465, 32.00143575668335], "5": [17.6650493144989, 17.391454935073853, 17.55430555343628], "2": [7.1869916915893555, 7.2448670864105225, 7.247378349304199], "1": [4.8167760372161865, 4.86458158493042, 4.802938222885132]}