{"17": [64.78238296508789, 64.7693703174591, 64.76333165168762], "15": [66.2193500995636, 65.11315083503723, 66.86900043487549], "10": [66.31572318077087, 66.2973153591156, 66.83219766616821], "5": [65.75303316116333, 65.74974083900452, 67.0222008228302], "2": [66.62954187393188, 66.47871494293213, 65.88893699645996], "1": [66.21351599693298, 66.61133742332458, 66.69992280006409]}