{"17": [31.881478309631348, 31.352354049682617, 31.245440006256104], "15": [29.78005576133728, 29.60190486907959, 29.730332136154175], "10": [24.865437507629395, 24.832563638687134, 24.829039335250854], "5": [20.05716896057129, 20.113590955734253, 20.142406463623047], "2": [10.77425241470337, 10.789406538009644, 10.81411337852478], "1": [1.894561529159546, 1.9465255737304688, 1.8344309329986572]}