{"17": [33.17428970336914, 33.14294457435608, 33.33791470527649], "15": [32.94953012466431, 32.993340253829956, 32.99483370780945], "10": [32.38391327857971, 32.44849705696106, 32.43616580963135], "5": [32.179625272750854, 32.188435554504395, 32.12830376625061], "2": [32.02821230888367, 32.06298232078552, 32.03637456893921], "1": [31.969871759414673, 32.00345969200134, 32.0916051864624]}