{"17": [42.02556490898132, 41.20259642601013, 41.72860336303711], "15": [38.08018445968628, 38.44290065765381, 38.26329302787781], "10": [30.588668823242188, 29.96725630760193, 29.8890278339386], "5": [31.693023204803467, 31.314358472824097, 31.844863653182983], "2": [14.514528751373291, 14.396587371826172, 14.450069904327393], "1": [1.4849767684936523, 1.4911653995513916, 1.4823403358459473]}