{
    "1": [23.072056531906128, 18.390104293823242, 18.62104296684265], 
    "10": [22.693681478500366, 23.040964365005493, 22.79221248626709], 
    "25": [29.023740768432617, 29.039308309555054, 29.021333932876587], 
    "50": [40.16485810279846, 40.73644733428955, 40.734150409698486], 
    "75": [50.96937417984009, 51.24640226364136, 51.43367838859558], 
    "90": [55.93285369873047, 54.982146978378296, 55.43394708633423], 
    "100": [53.505757570266724, 53.82943034172058, 54.54133105278015]
}
