{
    "100": [42.48966026306152, 41.968191146850586], 
    "99": [57.47711539268494, 56.94529962539673], 
    "90": [57.318249464035034, 56.86070728302002], 
    "75": [53.04246807098389, 53.35313868522644], 
    "50": [51.79020547866821, 51.450233697891235], 
    "25": [47.035616874694824, 47.08755826950073], 
    "10": [44.956676959991455, 45.32658815383911], 
    "1": [42.136725425720215, 42.36412310600281]
}