{"100": [31.963632106781006, 31.82056999206543, 31.154973030090332], "99": [44.26890778541565, 44.23116159439087, 44.378090143203735], "90": [44.75761008262634, 44.53986072540283, 44.5164270401001], "75": [41.019978284835815, 41.18593668937683, 41.32733678817749], "50": [39.49388027191162, 39.37523150444031, 39.12677621841431], "25": [36.07672929763794, 35.917104721069336, 35.6788547039032], "10": [34.84158253669739, 34.74242186546326, 34.88163757324219], "1": [32.1544725894928, 32.13111352920532, 32.058444023132324]}