{"100": [52.331987380981445, 51.72760248184204, 51.66100764274597], "99": [54.061257123947144, 54.33003497123718, 54.980684995651245], "90": [54.59247589111328, 53.40142750740051, 54.60830903053284], "75": [45.88009214401245, 44.785831451416016, 44.524190187454224], "50": [40.33006286621094, 40.01940131187439, 40.55151152610779], "25": [27.766278505325317, 27.976576805114746, 27.950648069381714], "10": [25.126962900161743, 24.79764485359192, 24.887696027755737], "1": [21.071008682250977, 21.649623155593872, 20.885504484176636]}