{"100": [33.32671880722046, 33.28428554534912, 33.20011854171753], "99": [41.61163902282715, 41.668527603149414, 41.530333518981934], "90": [41.81773066520691, 41.75925636291504, 41.915395736694336], "75": [39.10178875923157, 39.23975849151611, 39.394545793533325], "50": [38.03132891654968, 38.012879371643066, 38.005725622177124], "25": [35.700331926345825, 35.6570782661438, 35.628504514694214], "10": [35.12302851676941, 35.13090372085571, 35.01353406906128], "1": [33.64192342758179, 33.44800853729248, 33.54162096977234]}