{
    "100": [57.4602906703949, 53.605682134628296, 53.67063927650452, 53.290897607803345, 53.27991247177124], 
    "75": [45.28504824638367, 44.533982038497925, 45.05226159095764, 45.44951057434082, 45.476951360702515], 
    "50": [39.78699994087219, 39.69796657562256, 39.35741472244263, 39.5458300113678, 39.44040107727051], 
    "25": [26.60592222213745, 26.558074712753296, 26.698962450027466, 26.870121479034424, 26.88953423500061], 
    "10": [22.4469256401062, 22.590397834777832, 22.64549970626831, 22.375115394592285, 22.565442323684692], 
    "1": [18.36537480354309, 18.42969822883606, 18.35953140258789, 18.45841336250305, 18.760815382003784]
}
